date,open,high,low,close,volume
2020-01-06,23180,23320,23100,23100,0
2020-01-07,23280,23550,23260,23480,0
2020-01-08,23090,23310,22910,23150,0
2020-01-09,23510,23750,23500,23700,0
2020-01-10,23770,23880,23730,23800,0
2020-01-14,23930,24030,23920,24000,0
2020-01-15,23910,23970,23850,23910,0
2020-01-16,23940,23950,23880,23940,0
2020-01-17,24050,24110,23980,24030,0
2020-01-20,24030,24090,24020,24080,0
2020-01-21,24030,24050,23780,23860,0
2020-01-22,23780,24020,23780,24020,0
2020-01-23,23820,23890,23740,23750,0
2020-01-24,23810,23840,23730,23800,0
2020-01-27,23290,23440,23280,23310,0
2020-01-28,23100,23220,23080,23160,0
2020-01-29,23310,23380,23180,23360,0
2020-01-30,23270,23290,22860,22970,0
2020-01-31,23080,23400,23080,23130,0
2020-02-03,22780,23000,22710,22910,0
2020-02-04,22840,23090,22830,23090,0
2020-02-05,23330,23390,23210,23360,0
2020-02-06,23690,23980,23630,23950,0
2020-02-07,23930,23960,23730,23830,0
2020-02-10,23600,23790,23600,23640,0
2020-02-12,23880,23890,23700,23870,0
2020-02-13,23950,23970,23770,23790,0
2020-02-14,23700,23760,23580,23630,0
2020-02-17,23560,23570,23320,23540,0
2020-02-18,23430,23440,23110,23200,0
